timeOpen;timeClose;timeHigh;timeLow;name;open;high;low;close;volume;marketCap;circulatingSupply;timestamp
"2024-01-01T00:00:00.000Z";"2024-01-01T23:59:59.999Z";"2024-01-01T22:42:00.000Z";"2024-01-01T05:59:00.000Z";"2781";0.7783917993;0.8464408457;0.7580188503;0.8423881511;162782234.4;927424888.53;1100947214.55;"2024-01-01T23:59:59.999Z"
"2023-12-31T00:00:00.000Z";"2023-12-31T23:59:59.999Z";"2023-12-31T01:16:00.000Z";"2023-12-31T22:55:00.000Z";"2781";0.809257331;0.8291028245;0.775932539;0.7784091275;151563467.12;804300932.22;1033262462.93;"2023-12-31T23:59:59.999Z"
"2023-12-30T00:00:00.000Z";"2023-12-30T23:59:59.999Z";"2023-12-30T23:22:00.000Z";"2023-12-30T13:34:00.000Z";"2781";0.8053097489;0.8188161979;0.7718193664;0.8096701309;146584590.2;836601753.64;1033262462.93;"2023-12-30T23:59:59.999Z"
"2023-12-29T00:00:00.000Z";"2023-12-29T23:59:59.999Z";"2023-12-29T15:02:00.000Z";"2023-12-29T01:44:00.000Z";"2781";0.7978356797;0.8407707226;0.7637991209;0.8051717567;244840641.73;831953752.47;1033262462.93;"2023-12-29T23:59:59.999Z"
"2023-12-28T00:00:00.000Z";"2023-12-28T23:59:59.999Z";"2023-12-28T12:01:00.000Z";"2023-12-28T14:53:00.000Z";"2781";0.8292625768;0.8613209165;0.7804745377;0.7978074354;251437251.9;824344475.66;1033262462.93;"2023-12-28T23:59:59.999Z"
"2023-12-27T00:00:00.000Z";"2023-12-27T23:59:59.999Z";"2023-12-27T00:24:00.000Z";"2023-12-27T07:17:00.000Z";"2781";0.8863789383;0.9155520086;0.8248354535;0.8292562188;305595527.81;856839323;1033262462.93;"2023-12-27T23:59:59.999Z"
"2023-12-26T00:00:00.000Z";"2023-12-26T23:59:59.999Z";"2023-12-26T22:58:00.000Z";"2023-12-26T17:43:00.000Z";"2781";0.8164761626;0.906266422;0.8022598741;0.8861493447;568932627.3;915624854.46;1033262462.93;"2023-12-26T23:59:59.999Z"
"2023-12-25T00:00:00.000Z";"2023-12-25T23:59:59.999Z";"2023-12-25T22:46:00.000Z";"2023-12-25T02:39:00.000Z";"2781";0.7158724302;0.8244531617;0.7142461166;0.81647142;300572020.84;843629270.35;1033262462.93;"2023-12-25T23:59:59.999Z"
"2023-12-24T00:00:00.000Z";"2023-12-24T23:59:59.999Z";"2023-12-24T00:01:00.000Z";"2023-12-24T22:53:00.000Z";"2781";0.7518313677;0.753184009;0.7096445694;0.7160396999;220575124.19;739856943.86;1033262462.93;"2023-12-24T23:59:59.999Z"
"2023-12-23T00:00:00.000Z";"2023-12-23T23:59:59.999Z";"2023-12-23T23:35:00.000Z";"2023-12-23T00:04:00.000Z";"2781";0.6962104314;0.7569057756;0.6947831208;0.7510621947;364966851.71;776044373.08;1033262462.93;"2023-12-23T23:59:59.999Z"
"2023-12-22T00:00:00.000Z";"2023-12-22T23:59:59.999Z";"2023-12-22T01:10:00.000Z";"2023-12-22T07:38:00.000Z";"2781";0.6885428935;0.6993852022;0.6602933728;0.6963654981;192095773.25;719528329.72;1033262462.93;"2023-12-22T23:59:59.999Z"
"2023-12-21T00:00:00.000Z";"2023-12-21T23:59:59.999Z";"2023-12-21T05:23:00.000Z";"2023-12-21T14:48:00.000Z";"2781";0.6865118822;0.7146338079;0.6729087047;0.6885911388;259754333.62;711495376.04;1033262462.93;"2023-12-21T23:59:59.999Z"
"2023-12-20T00:00:00.000Z";"2023-12-20T23:59:59.999Z";"2023-12-20T07:55:00.000Z";"2023-12-20T02:11:00.000Z";"2781";0.6794367859;0.7391837536;0.6476710588;0.6863169396;511472797.51;709145531.4;1033262462.93;"2023-12-20T23:59:59.999Z"
"2023-12-19T00:00:00.000Z";"2023-12-19T23:59:59.999Z";"2023-12-19T19:11:00.000Z";"2023-12-19T00:34:00.000Z";"2781";0.6095181681;0.7161871266;0.6065285191;0.6796845464;381061358.83;702292528.46;1033262462.93;"2023-12-19T23:59:59.999Z"
"2023-12-18T00:00:00.000Z";"2023-12-18T23:59:59.999Z";"2023-12-18T00:46:00.000Z";"2023-12-18T10:38:00.000Z";"2781";0.6111475921;0.6175004183;0.5680293655;0.6093828125;125696613.91;629652385.74;1033262462.93;"2023-12-18T23:59:59.999Z"
"2023-12-17T00:00:00.000Z";"2023-12-17T23:59:59.999Z";"2023-12-17T00:41:00.000Z";"2023-12-17T14:36:00.000Z";"2781";0.6313703635;0.6352969276;0.6071441779;0.611365166;94738147.51;631700677.21;1033262462.93;"2023-12-17T23:59:59.999Z"
"2023-12-16T00:00:00.000Z";"2023-12-16T23:59:59.999Z";"2023-12-16T16:53:00.000Z";"2023-12-16T00:47:00.000Z";"2781";0.6172260709;0.6486066429;0.6036077356;0.6313619059;113772921.72;652362557.91;1033262462.93;"2023-12-16T23:59:59.999Z"
"2023-12-15T00:00:00.000Z";"2023-12-15T23:59:59.999Z";"2023-12-15T00:01:00.000Z";"2023-12-15T23:59:00.000Z";"2781";0.655161434;0.6553300577;0.6172584498;0.6172584498;122422800.38;637789986.13;1033262462.93;"2023-12-15T23:59:59.999Z"
"2023-12-14T00:00:00.000Z";"2023-12-14T23:59:59.999Z";"2023-12-14T11:56:00.000Z";"2023-12-14T13:37:00.000Z";"2781";0.6534868428;0.6691607389;0.6394674216;0.6551816559;135485392.97;676974611.42;1033262462.93;"2023-12-14T23:59:59.999Z"
"2023-12-13T00:00:00.000Z";"2023-12-13T23:59:59.999Z";"2023-12-13T22:17:00.000Z";"2023-12-13T07:02:00.000Z";"2781";0.6591377348;0.6648347294;0.61221134;0.6535258503;148871902.64;675263729.64;1033262462.93;"2023-12-13T23:59:59.999Z"
"2023-12-12T00:00:00.000Z";"2023-12-12T23:59:59.999Z";"2023-12-12T03:21:00.000Z";"2023-12-12T18:01:00.000Z";"2781";0.629125758;0.6607958576;0.620711627;0.6591338281;188788596.04;681058242.66;1033262462.93;"2023-12-12T23:59:59.999Z"
"2023-12-11T00:00:00.000Z";"2023-12-11T23:59:59.999Z";"2023-12-11T01:46:00.000Z";"2023-12-11T18:32:00.000Z";"2781";0.6903977629;0.7106902109;0.6108231061;0.6291606095;239438867.8;650088040.93;1033262462.93;"2023-12-11T23:59:59.999Z"
"2023-12-10T00:00:00.000Z";"2023-12-10T23:59:59.999Z";"2023-12-10T05:44:00.000Z";"2023-12-10T10:03:00.000Z";"2781";0.6774924221;0.7119085808;0.6708250302;0.6902686993;145104363.44;713228736.35;1033262462.93;"2023-12-10T23:59:59.999Z"
"2023-12-09T00:00:00.000Z";"2023-12-09T23:59:59.999Z";"2023-12-09T15:52:00.000Z";"2023-12-09T23:38:00.000Z";"2781";0.7050019206;0.7239126893;0.6742182705;0.6774196823;168598420.48;699952329.41;1033262462.93;"2023-12-09T23:59:59.999Z"
"2023-12-08T00:00:00.000Z";"2023-12-08T23:59:59.999Z";"2023-12-08T18:50:00.000Z";"2023-12-08T09:02:00.000Z";"2781";0.6716467119;0.7141328052;0.6696572685;0.7051834047;209026613.66;728639541.59;1033262462.93;"2023-12-08T23:59:59.999Z"
"2023-12-07T00:00:00.000Z";"2023-12-07T23:59:59.999Z";"2023-12-07T18:00:00.000Z";"2023-12-07T09:30:00.000Z";"2781";0.6203549426;0.6844672475;0.6089178566;0.6716249933;219077183.08;693964894.76;1033262462.93;"2023-12-07T23:59:59.999Z"
"2023-12-06T00:00:00.000Z";"2023-12-06T23:59:59.999Z";"2023-12-06T01:05:00.000Z";"2023-12-06T11:37:00.000Z";"2781";0.6426566104;0.6603296046;0.6081336181;0.6202107525;184386586.08;640840489.66;1033262462.93;"2023-12-06T23:59:59.999Z"
"2023-12-05T00:00:00.000Z";"2023-12-05T23:59:59.999Z";"2023-12-05T06:18:00.000Z";"2023-12-05T02:14:00.000Z";"2781";0.6287660344;0.6571646417;0.6203327201;0.6426058686;266009141.65;663980522.44;1033262462.93;"2023-12-05T23:59:59.999Z"
"2023-12-04T00:00:00.000Z";"2023-12-04T23:59:59.999Z";"2023-12-04T04:52:00.000Z";"2023-12-04T11:23:00.000Z";"2781";0.6160360651;0.6361244372;0.5849829842;0.6287948813;287805440.14;649710147.78;1033262462.93;"2023-12-04T23:59:59.999Z"
"2023-12-03T00:00:00.000Z";"2023-12-03T23:59:59.999Z";"2023-12-03T00:51:00.000Z";"2023-12-03T18:23:00.000Z";"2781";0.6259488596;0.6290975748;0.6018174654;0.6162674664;113074886.86;636766040.19;1033262462.93;"2023-12-03T23:59:59.999Z"
"2023-12-02T00:00:00.000Z";"2023-12-02T23:59:59.999Z";"2023-12-02T21:07:00.000Z";"2023-12-02T00:32:00.000Z";"2781";0.6129062437;0.6322994141;0.6059969876;0.6259183774;103976302.36;646737964.23;1033262462.93;"2023-12-02T23:59:59.999Z"
"2023-12-01T00:00:00.000Z";"2023-12-01T23:59:59.999Z";"2023-12-01T17:08:00.000Z";"2023-12-01T01:08:00.000Z";"2781";0.5973976553;0.6267816382;0.5929264625;0.61290487;148690933.96;633291595.56;1033262462.93;"2023-12-01T23:59:59.999Z"
"2023-11-30T00:00:00.000Z";"2023-11-30T23:59:59.999Z";"2023-11-30T06:51:00.000Z";"2023-11-30T10:13:00.000Z";"2781";0.6011349018;0.6369128116;0.589780755;0.5973119734;213750926.97;576751128.18;965577711.31;"2023-11-30T23:59:59.999Z"
"2023-11-29T00:00:00.000Z";"2023-11-29T23:59:59.999Z";"2023-11-29T00:57:00.000Z";"2023-11-29T16:40:00.000Z";"2781";0.6181303165;0.6226843196;0.5804643268;0.601066717;127606280.33;580376624.99;965577711.31;"2023-11-29T23:59:59.999Z"
"2023-11-28T00:00:00.000Z";"2023-11-28T23:59:59.999Z";"2023-11-28T20:17:00.000Z";"2023-11-28T06:02:00.000Z";"2781";0.5931288995;0.6295442342;0.5662064008;0.618075398;128664572.76;596799828.24;965577711.31;"2023-11-28T23:59:59.999Z"
"2023-11-27T00:00:00.000Z";"2023-11-27T23:59:59.999Z";"2023-11-27T00:32:00.000Z";"2023-11-27T20:31:00.000Z";"2781";0.6362879708;0.6464841442;0.5793047293;0.5930870054;121250231.51;572671593.29;965577711.31;"2023-11-27T23:59:59.999Z"
"2023-11-26T00:00:00.000Z";"2023-11-26T23:59:59.999Z";"2023-11-26T00:19:00.000Z";"2023-11-26T16:29:00.000Z";"2781";0.6554956385;0.6649502702;0.6137589814;0.6364036579;147412020.77;614497187.5;965577711.31;"2023-11-26T23:59:59.999Z"
"2023-11-25T00:00:00.000Z";"2023-11-25T23:59:59.999Z";"2023-11-25T01:40:00.000Z";"2023-11-25T00:09:00.000Z";"2781";0.6273188282;0.686196652;0.6253315511;0.6555406699;268330148.15;632975459.67;965577711.31;"2023-11-25T23:59:59.999Z"
"2023-11-24T00:00:00.000Z";"2023-11-24T23:59:59.999Z";"2023-11-24T16:29:00.000Z";"2023-11-24T02:11:00.000Z";"2781";0.5876846896;0.6393133232;0.5832897164;0.627236975;195410418.36;605646042.79;965577711.31;"2023-11-24T23:59:59.999Z"
"2023-11-23T00:00:00.000Z";"2023-11-23T23:59:59.999Z";"2023-11-23T21:10:00.000Z";"2023-11-23T00:55:00.000Z";"2781";0.5563489118;0.5942512372;0.5532991131;0.5876396866;170252341.3;567411783.7;965577711.31;"2023-11-23T23:59:59.999Z"
"2023-11-22T00:00:00.000Z";"2023-11-22T23:59:59.999Z";"2023-11-22T21:32:00.000Z";"2023-11-22T00:01:00.000Z";"2781";0.5055938707;0.5630700461;0.5042299328;0.5563811826;95401956.37;537229268.92;965577711.31;"2023-11-22T23:59:59.999Z"
"2023-11-21T00:00:00.000Z";"2023-11-21T23:59:59.999Z";"2023-11-21T05:32:00.000Z";"2023-11-21T22:58:00.000Z";"2781";0.5556983435;0.579597191;0.5030552811;0.5060124079;155739684.12;488594302.74;965577711.31;"2023-11-21T23:59:59.999Z"
"2023-11-20T00:00:00.000Z";"2023-11-20T23:59:59.999Z";"2023-11-20T18:07:00.000Z";"2023-11-20T21:22:00.000Z";"2781";0.5646683787;0.5780351827;0.5486610649;0.5557639098;95922289.51;536633244.03;965577711.31;"2023-11-20T23:59:59.999Z"
"2023-11-19T00:00:00.000Z";"2023-11-19T23:59:59.999Z";"2023-11-19T23:53:00.000Z";"2023-11-19T01:36:00.000Z";"2781";0.5465231284;0.5657218678;0.5312673352;0.5646470005;75131102.63;545210558.41;965577711.31;"2023-11-19T23:59:59.999Z"
"2023-11-18T00:00:00.000Z";"2023-11-18T23:59:59.999Z";"2023-11-18T19:28:00.000Z";"2023-11-18T07:07:00.000Z";"2781";0.5534310861;0.554552708;0.5175971978;0.5464716486;105146399.94;527660843.72;965577711.31;"2023-11-18T23:59:59.999Z"
"2023-11-17T00:00:00.000Z";"2023-11-17T23:59:59.999Z";"2023-11-17T02:31:00.000Z";"2023-11-17T15:58:00.000Z";"2781";0.5665580019;0.5857177649;0.5288242275;0.5532754383;163799049.59;534230431.48;965577711.31;"2023-11-17T23:59:59.999Z"
"2023-11-16T00:00:00.000Z";"2023-11-16T23:59:59.999Z";"2023-11-16T07:04:00.000Z";"2023-11-16T19:37:00.000Z";"2781";0.6194955163;0.6402794104;0.5557496537;0.5664560051;203788492.14;546957292.95;965577711.31;"2023-11-16T23:59:59.999Z"
"2023-11-15T00:00:00.000Z";"2023-11-15T23:59:59.999Z";"2023-11-15T23:49:00.000Z";"2023-11-15T01:57:00.000Z";"2781";0.5678317256;0.620332958;0.5617592195;0.6195800559;169042447.1;598252692.32;965577711.31;"2023-11-15T23:59:59.999Z"
"2023-11-14T00:00:00.000Z";"2023-11-14T23:59:59.999Z";"2023-11-14T05:58:00.000Z";"2023-11-14T18:55:00.000Z";"2781";0.6053993684;0.6286554994;0.5499499423;0.5679801154;202040802.43;548428939.9;965577711.31;"2023-11-14T23:59:59.999Z"
"2023-11-13T00:00:00.000Z";"2023-11-13T23:59:59.999Z";"2023-11-13T15:40:00.000Z";"2023-11-13T05:17:00.000Z";"2781";0.6176031167;0.6553898465;0.6047664082;0.6048483933;295345370.97;584028127.29;965577711.31;"2023-11-13T23:59:59.999Z"
"2023-11-12T00:00:00.000Z";"2023-11-12T23:59:59.999Z";"2023-11-12T10:37:00.000Z";"2023-11-12T00:52:00.000Z";"2781";0.5931653732;0.6400424143;0.5643119104;0.6174192574;239081055.24;596166273.48;965577711.31;"2023-11-12T23:59:59.999Z"
"2023-11-11T00:00:00.000Z";"2023-11-11T23:59:59.999Z";"2023-11-11T00:03:00.000Z";"2023-11-11T04:32:00.000Z";"2781";0.6103050633;0.6111531885;0.573327743;0.5931581691;197091386.39;572740307.41;965577711.31;"2023-11-11T23:59:59.999Z"
"2023-11-10T00:00:00.000Z";"2023-11-10T23:59:59.999Z";"2023-11-10T23:22:00.000Z";"2023-11-10T15:01:00.000Z";"2781";0.5611017982;0.6247169478;0.5377200182;0.6104044624;221890337.95;589392943.78;965577711.31;"2023-11-10T23:59:59.999Z"
"2023-11-09T00:00:00.000Z";"2023-11-09T23:59:59.999Z";"2023-11-09T06:59:00.000Z";"2023-11-09T16:42:00.000Z";"2781";0.5803097241;0.6047479189;0.5217239816;0.5606517196;300029068.17;541352804.25;965577711.31;"2023-11-09T23:59:59.999Z"
"2023-11-08T00:00:00.000Z";"2023-11-08T23:59:59.999Z";"2023-11-08T14:22:00.000Z";"2023-11-08T00:40:00.000Z";"2781";0.5247027711;0.598507905;0.5184365135;0.5803594998;263957244.41;560382197.57;965577711.31;"2023-11-08T23:59:59.999Z"
"2023-11-07T00:00:00.000Z";"2023-11-07T23:59:59.999Z";"2023-11-07T20:58:00.000Z";"2023-11-07T17:07:00.000Z";"2781";0.5260728792;0.528253094;0.494032234;0.5247563939;166552862.61;506693077.85;965577711.31;"2023-11-07T23:59:59.999Z"
"2023-11-06T00:00:00.000Z";"2023-11-06T23:59:59.999Z";"2023-11-06T14:28:00.000Z";"2023-11-06T05:33:00.000Z";"2781";0.5013645003;0.5347531854;0.4895723623;0.5252711076;163840047.2;507190073.91;965577711.31;"2023-11-06T23:59:59.999Z"
"2023-11-05T00:00:00.000Z";"2023-11-05T23:59:59.999Z";"2023-11-05T01:23:00.000Z";"2023-11-05T15:19:00.000Z";"2781";0.5064368762;0.5207401509;0.4849421749;0.5013647687;173209462.57;484106645.85;965577711.31;"2023-11-05T23:59:59.999Z"
"2023-11-04T00:00:00.000Z";"2023-11-04T23:59:59.999Z";"2023-11-04T21:38:00.000Z";"2023-11-04T00:50:00.000Z";"2781";0.4552483735;0.5188974458;0.4521744588;0.506247642;167666600.59;488821439.5;965577711.31;"2023-11-04T23:59:59.999Z"
"2023-11-03T00:00:00.000Z";"2023-11-03T23:59:59.999Z";"2023-11-03T00:01:00.000Z";"2023-11-03T10:20:00.000Z";"2781";0.4586524923;0.4586604294;0.432794499;0.455219999;105470136.53;439550284.83;965577711.31;"2023-11-03T23:59:59.999Z"
"2023-11-02T00:00:00.000Z";"2023-11-02T23:59:59.999Z";"2023-11-02T04:05:00.000Z";"2023-11-02T16:36:00.000Z";"2781";0.4654390363;0.480319275;0.4463884019;0.4586489864;133703987.51;442861238.59;965577711.31;"2023-11-02T23:59:59.999Z"
"2023-11-01T00:00:00.000Z";"2023-11-01T23:59:59.999Z";"2023-11-01T20:22:00.000Z";"2023-11-01T06:06:00.000Z";"2781";0.4432822781;0.472000989;0.4266233036;0.4654901568;127599047.38;449466920.29;965577711.31;"2023-11-01T23:59:59.999Z"
"2023-10-31T00:00:00.000Z";"2023-10-31T23:59:59.999Z";"2023-10-31T00:58:00.000Z";"2023-10-31T15:19:00.000Z";"2781";0.4634937233;0.4737358195;0.4274069676;0.4433201014;122451336.74;381429494.14;860392959.69;"2023-10-31T23:59:59.999Z"
"2023-10-30T00:00:00.000Z";"2023-10-30T23:59:59.999Z";"2023-10-30T10:37:00.000Z";"2023-10-30T17:22:00.000Z";"2781";0.4530417523;0.4722681431;0.4461475832;0.463523341;102005186.02;398812219.28;860392959.69;"2023-10-30T23:59:59.999Z"
"2023-10-29T00:00:00.000Z";"2023-10-29T23:59:59.999Z";"2023-10-29T00:05:00.000Z";"2023-10-29T23:52:00.000Z";"2781";0.4672970494;0.4684804496;0.4525674432;0.4529738933;75050082.89;389735548.69;860392959.69;"2023-10-29T23:59:59.999Z"
"2023-10-28T00:00:00.000Z";"2023-10-28T23:59:59.999Z";"2023-10-28T15:56:00.000Z";"2023-10-28T00:00:00.000Z";"2781";0.4313683265;0.4772636512;0.4313683265;0.4672630288;155395994.18;402029820.28;860392959.69;"2023-10-28T23:59:59.999Z"
"2023-10-27T00:00:00.000Z";"2023-10-27T23:59:59.999Z";"2023-10-27T13:17:00.000Z";"2023-10-27T18:33:00.000Z";"2781";0.4404514297;0.453973416;0.4233555192;0.4311796741;107971631.89;370983955.94;860392959.69;"2023-10-27T23:59:59.999Z"
"2023-10-26T00:00:00.000Z";"2023-10-26T23:59:59.999Z";"2023-10-26T08:07:00.000Z";"2023-10-26T16:56:00.000Z";"2781";0.4362395388;0.4620955439;0.4208465481;0.4404969861;119877725.13;379000505.65;860392959.69;"2023-10-26T23:59:59.999Z"
"2023-10-25T00:00:00.000Z";"2023-10-25T23:59:59.999Z";"2023-10-25T16:04:00.000Z";"2023-10-25T08:16:00.000Z";"2781";0.4335918757;0.4495790988;0.422818855;0.4362215987;114817412.6;375321992.36;860392959.69;"2023-10-25T23:59:59.999Z"
"2023-10-24T00:00:00.000Z";"2023-10-24T23:59:59.999Z";"2023-10-24T10:49:00.000Z";"2023-10-24T00:12:00.000Z";"2781";0.4194247592;0.4566967633;0.4186747576;0.4334648441;191759780.66;372950100.15;860392959.69;"2023-10-24T23:59:59.999Z"
"2023-10-23T00:00:00.000Z";"2023-10-23T23:59:59.999Z";"2023-10-23T23:59:00.000Z";"2023-10-23T09:50:00.000Z";"2781";0.4067597833;0.4193060633;0.3940583603;0.4193060633;97461611.56;360767984.82;860392959.69;"2023-10-23T23:59:59.999Z"
"2023-10-22T00:00:00.000Z";"2023-10-22T23:59:59.999Z";"2023-10-22T07:28:00.000Z";"2023-10-22T00:39:00.000Z";"2781";0.3911109669;0.4147963917;0.3886000944;0.4030207384;86323878.31;346756205.9;860392959.69;"2023-10-22T23:59:59.999Z"
"2023-10-21T00:00:00.000Z";"2023-10-21T23:59:59.999Z";"2023-10-21T17:44:00.000Z";"2023-10-21T03:16:00.000Z";"2781";0.3834516531;0.3992952418;0.3806268781;0.391103483;60984068.08;336502683.25;860392959.69;"2023-10-21T23:59:59.999Z"
"2023-10-20T00:00:00.000Z";"2023-10-20T23:59:59.999Z";"2023-10-20T17:57:00.000Z";"2023-10-20T01:14:00.000Z";"2781";0.3708924063;0.3879933771;0.3662292282;0.3834962326;63558581.29;329957458.57;860392959.69;"2023-10-20T23:59:59.999Z"
"2023-10-19T00:00:00.000Z";"2023-10-19T23:59:59.999Z";"2023-10-19T00:00:00.000Z";"2023-10-19T10:37:00.000Z";"2781";0.3829454928;0.3829454928;0.3643497877;0.3709223379;57661282.94;319138968.09;860392959.69;"2023-10-19T23:59:59.999Z"
"2023-10-18T00:00:00.000Z";"2023-10-18T23:59:59.999Z";"2023-10-18T18:16:00.000Z";"2023-10-18T02:19:00.000Z";"2781";0.3810851701;0.3898344344;0.3669768568;0.3829325627;71227535.63;329472480.95;860392959.69;"2023-10-18T23:59:59.999Z"
"2023-10-17T00:00:00.000Z";"2023-10-17T23:59:59.999Z";"2023-10-17T01:23:00.000Z";"2023-10-17T13:55:00.000Z";"2781";0.410995008;0.411646546;0.3767827191;0.3810899659;98221873.43;327887123.65;860392959.69;"2023-10-17T23:59:59.999Z"
"2023-10-16T00:00:00.000Z";"2023-10-16T23:59:59.999Z";"2023-10-16T13:33:00.000Z";"2023-10-16T16:51:00.000Z";"2781";0.4102730242;0.4253281781;0.4074337968;0.4110306467;76214618.96;353647874.61;860392959.69;"2023-10-16T23:59:59.999Z"
"2023-10-15T00:00:00.000Z";"2023-10-15T23:59:59.999Z";"2023-10-15T00:00:00.000Z";"2023-10-15T14:00:00.000Z";"2781";0.4159051027;0.4159051027;0.407069825;0.4102725958;46469066.34;352995652.95;860392959.69;"2023-10-15T23:59:59.999Z"
"2023-10-14T00:00:00.000Z";"2023-10-14T23:59:59.999Z";"2023-10-14T21:21:00.000Z";"2023-10-14T00:07:00.000Z";"2781";0.4132034875;0.4191421063;0.4120673567;0.4159206251;29360502.71;357855177.61;860392959.69;"2023-10-14T23:59:59.999Z"
"2023-10-13T00:00:00.000Z";"2023-10-13T23:59:59.999Z";"2023-10-13T14:29:00.000Z";"2023-10-13T00:53:00.000Z";"2781";0.4074854646;0.4224460015;0.4062529973;0.4131780442;42121340.21;355495480.29;860392959.69;"2023-10-13T23:59:59.999Z"
"2023-10-12T00:00:00.000Z";"2023-10-12T23:59:59.999Z";"2023-10-12T06:34:00.000Z";"2023-10-12T17:34:00.000Z";"2781";0.4096679607;0.4124158406;0.4024068436;0.40750405;33983766.47;350613615.67;860392959.69;"2023-10-12T23:59:59.999Z"
"2023-10-11T00:00:00.000Z";"2023-10-11T23:59:59.999Z";"2023-10-11T00:41:00.000Z";"2023-10-11T18:14:00.000Z";"2781";0.4154736241;0.4170347483;0.4035901116;0.4095874724;40173852.15;352406177.66;860392959.69;"2023-10-11T23:59:59.999Z"
"2023-10-10T00:00:00.000Z";"2023-10-10T23:59:59.999Z";"2023-10-10T08:54:00.000Z";"2023-10-10T13:11:00.000Z";"2781";0.4160838542;0.4186622069;0.4117412542;0.4154486827;27318713.23;357449121.74;860392959.69;"2023-10-10T23:59:59.999Z"
"2023-10-09T00:00:00.000Z";"2023-10-09T23:59:59.999Z";"2023-10-09T03:49:00.000Z";"2023-10-09T16:49:00.000Z";"2781";0.4380935668;0.4383608927;0.407410097;0.4160936836;55357239.99;358004075.97;860392959.69;"2023-10-09T23:59:59.999Z"
"2023-10-08T00:00:00.000Z";"2023-10-08T23:59:59.999Z";"2023-10-08T00:52:00.000Z";"2023-10-08T13:17:00.000Z";"2781";0.4424576853;0.4438681547;0.4361478115;0.4381446064;27489695.23;376976534.71;860392959.69;"2023-10-08T23:59:59.999Z"
"2023-10-07T00:00:00.000Z";"2023-10-07T23:59:59.999Z";"2023-10-07T06:31:00.000Z";"2023-10-07T19:55:00.000Z";"2781";0.4433715198;0.4585709365;0.4390146396;0.4423887199;60864170.05;380628140.09;860392959.69;"2023-10-07T23:59:59.999Z"
"2023-10-06T00:00:00.000Z";"2023-10-06T23:59:59.999Z";"2023-10-06T21:42:00.000Z";"2023-10-06T00:19:00.000Z";"2781";0.4346719214;0.4471326855;0.4335534625;0.4432924242;55999777.47;381405680.89;860392959.69;"2023-10-06T23:59:59.999Z"
"2023-10-05T00:00:00.000Z";"2023-10-05T23:59:59.999Z";"2023-10-05T13:35:00.000Z";"2023-10-05T18:29:00.000Z";"2781";0.442018011;0.4484824502;0.4342507311;0.434741131;71182100.39;374048208.36;860392959.69;"2023-10-05T23:59:59.999Z"
"2023-10-04T00:00:00.000Z";"2023-10-04T23:59:59.999Z";"2023-10-04T08:44:00.000Z";"2023-10-04T00:46:00.000Z";"2781";0.444329409;0.4461955603;0.4303954345;0.4419545142;73353527.49;380254552.49;860392959.69;"2023-10-04T23:59:59.999Z"
"2023-10-03T00:00:00.000Z";"2023-10-03T23:59:59.999Z";"2023-10-03T02:07:00.000Z";"2023-10-03T23:35:00.000Z";"2781";0.4669366725;0.4679195165;0.4429233854;0.4443707978;116282425.04;382333505.95;860392959.69;"2023-10-03T23:59:59.999Z"
"2023-10-02T00:00:00.000Z";"2023-10-02T23:59:59.999Z";"2023-10-02T00:02:00.000Z";"2023-10-02T21:50:00.000Z";"2781";0.5045463007;0.5060124699;0.4621941505;0.4670339571;64953488.67;401832728.65;860392959.69;"2023-10-02T23:59:59.999Z"
"2023-10-01T00:00:00.000Z";"2023-10-01T23:59:59.999Z";"2023-10-01T22:57:00.000Z";"2023-10-01T01:16:00.000Z";"2781";0.4705114795;0.5082001858;0.4651455863;0.5040707116;79571231.67;433698891.47;860392959.69;"2023-10-01T23:59:59.999Z"
"2023-09-30T00:00:00.000Z";"2023-09-30T23:59:59.999Z";"2023-09-30T00:54:00.000Z";"2023-09-30T12:47:00.000Z";"2781";0.4800446824;0.4848288678;0.4629392719;0.4705465651;56011920.3;372568218.29;791777575.08;"2023-09-30T23:59:59.999Z"
"2023-09-29T00:00:00.000Z";"2023-09-29T23:59:59.999Z";"2023-09-29T11:29:00.000Z";"2023-09-29T01:16:00.000Z";"2781";0.4468874411;0.4946875777;0.4448082573;0.4801434362;156800472.56;380166805.64;791777575.08;"2023-09-29T23:59:59.999Z"
"2023-09-28T00:00:00.000Z";"2023-09-28T23:59:59.999Z";"2023-09-28T20:10:00.000Z";"2023-09-28T03:23:00.000Z";"2781";0.436925169;0.4495818177;0.4350382962;0.4468221261;45088746.6;353783739.53;791777575.08;"2023-09-28T23:59:59.999Z"
"2023-09-27T00:00:00.000Z";"2023-09-27T23:59:59.999Z";"2023-09-27T12:07:00.000Z";"2023-09-27T18:20:00.000Z";"2781";0.4386023892;0.4432389086;0.4295600263;0.436907269;54095878.95;345933377.96;791777575.08;"2023-09-27T23:59:59.999Z"
"2023-09-26T00:00:00.000Z";"2023-09-26T23:59:59.999Z";"2023-09-26T03:09:00.000Z";"2023-09-26T09:22:00.000Z";"2781";0.4425643794;0.4447908666;0.436711524;0.4386907976;37440082.42;347345535.9;791777575.08;"2023-09-26T23:59:59.999Z"
"2023-09-25T00:00:00.000Z";"2023-09-25T23:59:59.999Z";"2023-09-25T16:06:00.000Z";"2023-09-25T00:44:00.000Z";"2781";0.4390285595;0.4484933134;0.4345774863;0.4425824683;51818677.14;350426873.5;791777575.08;"2023-09-25T23:59:59.999Z"
"2023-09-24T00:00:00.000Z";"2023-09-24T23:59:59.999Z";"2023-09-24T12:22:00.000Z";"2023-09-24T23:44:00.000Z";"2781";0.4459066429;0.4634253169;0.437094826;0.4390160449;83466095.43;347603059.44;791777575.08;"2023-09-24T23:59:59.999Z"
"2023-09-23T00:00:00.000Z";"2023-09-23T23:59:59.999Z";"2023-09-23T09:13:00.000Z";"2023-09-23T16:08:00.000Z";"2781";0.4449161499;0.4507079297;0.4405198595;0.4459564083;38315500.35;353098283.53;791777575.08;"2023-09-23T23:59:59.999Z"
"2023-09-22T00:00:00.000Z";"2023-09-22T23:59:59.999Z";"2023-09-22T23:25:00.000Z";"2023-09-22T00:29:00.000Z";"2781";0.4399337446;0.4451900091;0.4356322382;0.4448369878;44210768.82;352211951.49;791777575.08;"2023-09-22T23:59:59.999Z"
"2023-09-21T00:00:00.000Z";"2023-09-21T23:59:59.999Z";"2023-09-21T00:30:00.000Z";"2023-09-21T13:37:00.000Z";"2781";0.4468836638;0.4569157884;0.4351805682;0.4399034917;88037214.42;348305719.91;791777575.08;"2023-09-21T23:59:59.999Z"
"2023-09-20T00:00:00.000Z";"2023-09-20T23:59:59.999Z";"2023-09-20T02:04:00.000Z";"2023-09-20T19:49:00.000Z";"2781";0.4541436559;0.4549568417;0.4388738101;0.4469227448;54514099.24;353863407.16;791777575.08;"2023-09-20T23:59:59.999Z"
"2023-09-19T00:00:00.000Z";"2023-09-19T23:59:59.999Z";"2023-09-19T04:16:00.000Z";"2023-09-19T07:47:00.000Z";"2781";0.448595005;0.4564825792;0.4475293374;0.4541472181;51638360.35;359583583.06;791777575.08;"2023-09-19T23:59:59.999Z"
"2023-09-18T00:00:00.000Z";"2023-09-18T23:59:59.999Z";"2023-09-18T23:01:00.000Z";"2023-09-18T00:37:00.000Z";"2781";0.4351587655;0.45306933;0.4278585277;0.4487809505;62713132.61;355334692.71;791777575.08;"2023-09-18T23:59:59.999Z"
"2023-09-17T00:00:00.000Z";"2023-09-17T23:59:59.999Z";"2023-09-17T00:01:00.000Z";"2023-09-17T20:59:00.000Z";"2781";0.4660666957;0.4665098994;0.4311631314;0.4351779432;60206061.49;344564136.62;791777575.08;"2023-09-17T23:59:59.999Z"
"2023-09-16T00:00:00.000Z";"2023-09-16T23:59:59.999Z";"2023-09-16T12:40:00.000Z";"2023-09-16T00:07:00.000Z";"2781";0.4463341524;0.4663570486;0.4462703316;0.4660131551;82496154.66;368978765.94;791777575.08;"2023-09-16T23:59:59.999Z"
"2023-09-15T00:00:00.000Z";"2023-09-15T23:59:59.999Z";"2023-09-15T22:52:00.000Z";"2023-09-15T14:51:00.000Z";"2781";0.4449408268;0.4478624048;0.4331262475;0.446359711;62001805.67;353417609.6;791777575.08;"2023-09-15T23:59:59.999Z"
"2023-09-14T00:00:00.000Z";"2023-09-14T23:59:59.999Z";"2023-09-14T22:39:00.000Z";"2023-09-14T12:59:00.000Z";"2781";0.4425954377;0.4511613907;0.4369966209;0.4449202134;63865939.59;352277847.64;791777575.08;"2023-09-14T23:59:59.999Z"
"2023-09-13T00:00:00.000Z";"2023-09-13T23:59:59.999Z";"2023-09-13T22:41:00.000Z";"2023-09-13T06:14:00.000Z";"2781";0.4277144854;0.4445599586;0.4197267853;0.4426423833;76107657.25;350474312.91;791777575.08;"2023-09-13T23:59:59.999Z"
"2023-09-12T00:00:00.000Z";"2023-09-12T23:59:59.999Z";"2023-09-12T10:26:00.000Z";"2023-09-12T18:02:00.000Z";"2781";0.4264671463;0.4551152094;0.4253491203;0.4277087038;98861960.16;338650160.38;791777575.08;"2023-09-12T23:59:59.999Z"
"2023-09-11T00:00:00.000Z";"2023-09-11T23:59:59.999Z";"2023-09-11T00:19:00.000Z";"2023-09-11T19:43:00.000Z";"2781";0.4550518425;0.4552807364;0.4197953264;0.4263758117;80863935.71;337594806.24;791777575.08;"2023-09-11T23:59:59.999Z"
"2023-09-10T00:00:00.000Z";"2023-09-10T23:59:59.999Z";"2023-09-10T00:02:00.000Z";"2023-09-10T19:44:00.000Z";"2781";0.4813117465;0.481402441;0.4470828622;0.4550571008;60091776.9;360304007.76;791777575.08;"2023-09-10T23:59:59.999Z"
"2023-09-09T00:00:00.000Z";"2023-09-09T23:59:59.999Z";"2023-09-09T07:38:00.000Z";"2023-09-09T18:45:00.000Z";"2781";0.4815994935;0.4848331317;0.4782507961;0.4812817131;33735473.31;381068067.76;791777575.08;"2023-09-09T23:59:59.999Z"
"2023-09-08T00:00:00.000Z";"2023-09-08T23:59:59.999Z";"2023-09-08T01:05:00.000Z";"2023-09-08T10:20:00.000Z";"2781";0.4854908646;0.4916116651;0.4762819399;0.4816118078;57415822.82;381329429.33;791777575.08;"2023-09-08T23:59:59.999Z"
"2023-09-07T00:00:00.000Z";"2023-09-07T23:59:59.999Z";"2023-09-07T23:11:00.000Z";"2023-09-07T12:52:00.000Z";"2781";0.4811295432;0.4868618251;0.4765379523;0.485481432;59865034.44;384393311.01;791777575.08;"2023-09-07T23:59:59.999Z"
"2023-09-06T00:00:00.000Z";"2023-09-06T23:59:59.999Z";"2023-09-06T17:58:00.000Z";"2023-09-06T19:39:00.000Z";"2781";0.4912448381;0.4954624076;0.4748437345;0.4811378031;80157756.6;380954123.04;791777575.08;"2023-09-06T23:59:59.999Z"
"2023-09-05T00:00:00.000Z";"2023-09-05T23:59:59.999Z";"2023-09-05T23:35:00.000Z";"2023-09-05T03:25:00.000Z";"2781";0.482864151;0.4924470089;0.4692632719;0.4912617139;73967736.38;388970008.58;791777575.08;"2023-09-05T23:59:59.999Z"
"2023-09-04T00:00:00.000Z";"2023-09-04T23:59:59.999Z";"2023-09-04T16:37:00.000Z";"2023-09-04T22:08:00.000Z";"2781";0.4838772222;0.4937078448;0.4749504545;0.4828505278;80423280.63;382310219.99;791777575.08;"2023-09-04T23:59:59.999Z"
"2023-09-03T00:00:00.000Z";"2023-09-03T23:59:59.999Z";"2023-09-03T01:23:00.000Z";"2023-09-03T16:52:00.000Z";"2781";0.4909799833;0.5019392714;0.4745004746;0.483843517;73726151.05;383096446.58;791777575.08;"2023-09-03T23:59:59.999Z"
"2023-09-02T00:00:00.000Z";"2023-09-02T23:59:59.999Z";"2023-09-02T04:52:00.000Z";"2023-09-02T18:37:00.000Z";"2781";0.4878568315;0.5018088948;0.4835032347;0.4909839872;66712916.3;388750110.83;791777575.08;"2023-09-02T23:59:59.999Z"
"2023-09-01T00:00:00.000Z";"2023-09-01T23:59:59.999Z";"2023-09-01T04:23:00.000Z";"2023-09-01T19:21:00.000Z";"2781";0.5002069288;0.5149498562;0.4831587877;0.4876897167;105316737.4;386141781.32;791777575.08;"2023-09-01T23:59:59.999Z"
"2023-08-31T00:00:00.000Z";"2023-08-31T23:59:59.999Z";"2023-08-31T00:00:00.000Z";"2023-08-31T17:24:00.000Z";"2781";0.5255231399;0.5255231399;0.4919948562;0.5001514275;97347246.76;361690601.87;723162190.46;"2023-08-31T23:59:59.999Z"
"2023-08-30T00:00:00.000Z";"2023-08-30T23:59:59.999Z";"2023-08-30T00:03:00.000Z";"2023-08-30T15:05:00.000Z";"2781";0.5456883182;0.5458082238;0.5181536468;0.5254313545;107728086.7;379972089.28;723162190.46;"2023-08-30T23:59:59.999Z"
"2023-08-29T00:00:00.000Z";"2023-08-29T23:59:59.999Z";"2023-08-29T22:11:00.000Z";"2023-08-29T12:02:00.000Z";"2781";0.5477472531;0.5504921247;0.5108889867;0.5457181151;163055225.2;394642707.51;723162190.46;"2023-08-29T23:59:59.999Z"
"2023-08-28T00:00:00.000Z";"2023-08-28T23:59:59.999Z";"2023-08-28T00:01:00.000Z";"2023-08-28T09:41:00.000Z";"2781";0.5827104129;0.5828937099;0.539168793;0.5476146525;125116234.5;396014211.66;723162190.46;"2023-08-28T23:59:59.999Z"
"2023-08-27T00:00:00.000Z";"2023-08-27T23:59:59.999Z";"2023-08-27T00:10:00.000Z";"2023-08-27T03:01:00.000Z";"2781";0.5883900839;0.5942185083;0.5752385099;0.582548884;118434826.96;421277326.98;723162190.46;"2023-08-27T23:59:59.999Z"
"2023-08-26T00:00:00.000Z";"2023-08-26T23:59:59.999Z";"2023-08-26T12:14:00.000Z";"2023-08-26T00:38:00.000Z";"2781";0.5562495452;0.6017959736;0.5479080481;0.5884076836;216884261.29;425514189.35;723162190.46;"2023-08-26T23:59:59.999Z"
"2023-08-25T00:00:00.000Z";"2023-08-25T23:59:59.999Z";"2023-08-25T00:01:00.000Z";"2023-08-25T04:40:00.000Z";"2781";0.5722210632;0.5726401229;0.5352934172;0.5562022561;162888635.99;402224441.84;723162190.46;"2023-08-25T23:59:59.999Z"
"2023-08-24T00:00:00.000Z";"2023-08-24T23:59:59.999Z";"2023-08-24T01:07:00.000Z";"2023-08-24T20:58:00.000Z";"2781";0.6018584999;0.6166126496;0.5578057439;0.5722149011;224497496.94;413804181.28;723162190.46;"2023-08-24T23:59:59.999Z"
"2023-08-23T00:00:00.000Z";"2023-08-23T23:59:59.999Z";"2023-08-23T16:52:00.000Z";"2023-08-23T00:00:00.000Z";"2781";0.5356467444;0.6185159968;0.5356467444;0.6018459484;323842733.49;435232234.37;723162190.46;"2023-08-23T23:59:59.999Z"
"2023-08-22T00:00:00.000Z";"2023-08-22T23:59:59.999Z";"2023-08-22T10:08:00.000Z";"2023-08-22T01:44:00.000Z";"2781";0.5145599072;0.5569403813;0.5066334964;0.5357856341;212638637.72;387459912.75;723162190.46;"2023-08-22T23:59:59.999Z"
"2023-08-21T00:00:00.000Z";"2023-08-21T23:59:59.999Z";"2023-08-21T01:11:00.000Z";"2023-08-21T17:21:00.000Z";"2781";0.5441787319;0.5475084065;0.5098673292;0.514621612;139073740.63;372154892.17;723162190.46;"2023-08-21T23:59:59.999Z"
"2023-08-20T00:00:00.000Z";"2023-08-20T23:59:59.999Z";"2023-08-20T13:19:00.000Z";"2023-08-20T21:25:00.000Z";"2781";0.5562512124;0.5742636542;0.5386244332;0.5442378912;206907885.17;393572265.53;723162190.46;"2023-08-20T23:59:59.999Z"
"2023-08-19T00:00:00.000Z";"2023-08-19T23:59:59.999Z";"2023-08-19T19:30:00.000Z";"2023-08-19T00:24:00.000Z";"2781";0.4841196975;0.5626757333;0.4832300328;0.5556670148;178719240.33;401837375.57;723162190.46;"2023-08-19T23:59:59.999Z"
"2023-08-18T00:00:00.000Z";"2023-08-18T23:59:59.999Z";"2023-08-18T23:11:00.000Z";"2023-08-18T05:14:00.000Z";"2781";0.4760551803;0.4884379164;0.4684102562;0.4841028949;107620244.55;350084909.89;723162190.46;"2023-08-18T23:59:59.999Z"
"2023-08-17T00:00:00.000Z";"2023-08-17T23:59:59.999Z";"2023-08-17T01:34:00.000Z";"2023-08-17T22:48:00.000Z";"2781";0.5269499543;0.5349441086;0.4619674528;0.4759120602;144351472.97;344161607.89;723162190.46;"2023-08-17T23:59:59.999Z"
"2023-08-16T00:00:00.000Z";"2023-08-16T23:59:59.999Z";"2023-08-16T04:43:00.000Z";"2023-08-16T21:16:00.000Z";"2781";0.5604130478;0.5772366479;0.5158540732;0.52696782;139925233.4;381083203.01;723162190.46;"2023-08-16T23:59:59.999Z"
"2023-08-15T00:00:00.000Z";"2023-08-15T23:59:59.999Z";"2023-08-15T01:11:00.000Z";"2023-08-15T19:11:00.000Z";"2781";0.5991069801;0.6016207918;0.5432099356;0.5605597111;77481356.94;405375588.55;723162190.46;"2023-08-15T23:59:59.999Z"
"2023-08-14T00:00:00.000Z";"2023-08-14T23:59:59.999Z";"2023-08-14T17:02:00.000Z";"2023-08-14T02:24:00.000Z";"2781";0.5979671324;0.6029369494;0.5889510553;0.5990956498;61569997.16;433243322.39;723162190.46;"2023-08-14T23:59:59.999Z"
"2023-08-13T00:00:00.000Z";"2023-08-13T23:59:59.999Z";"2023-08-13T19:40:00.000Z";"2023-08-13T23:03:00.000Z";"2781";0.6073290708;0.612745762;0.5958397351;0.5978818159;58945943.87;432365523.63;723162190.46;"2023-08-13T23:59:59.999Z"
"2023-08-12T00:00:00.000Z";"2023-08-12T23:59:59.999Z";"2023-08-12T13:22:00.000Z";"2023-08-12T00:14:00.000Z";"2781";0.6046849057;0.6133607057;0.6028051169;0.6074072567;54645126.85;439253962.24;723162190.46;"2023-08-12T23:59:59.999Z"
"2023-08-11T00:00:00.000Z";"2023-08-11T23:59:59.999Z";"2023-08-11T07:05:00.000Z";"2023-08-11T20:37:00.000Z";"2781";0.6035480793;0.6156065028;0.5972159709;0.6046350343;68017270.24;437249195.86;723162190.46;"2023-08-11T23:59:59.999Z"
"2023-08-10T00:00:00.000Z";"2023-08-10T23:59:59.999Z";"2023-08-10T19:16:00.000Z";"2023-08-10T09:40:00.000Z";"2781";0.5940621707;0.604455536;0.5877874992;0.6033794783;79543121.44;436341225.2;723162190.46;"2023-08-10T23:59:59.999Z"
"2023-08-09T00:00:00.000Z";"2023-08-09T23:59:59.999Z";"2023-08-09T12:43:00.000Z";"2023-08-09T22:35:00.000Z";"2781";0.5946722111;0.6230144838;0.5900830959;0.5942942079;104283232.84;429771101.16;723162190.46;"2023-08-09T23:59:59.999Z"
"2023-08-08T00:00:00.000Z";"2023-08-08T23:59:59.999Z";"2023-08-08T21:53:00.000Z";"2023-08-08T04:15:00.000Z";"2781";0.581765148;0.601711408;0.5756634793;0.5946148018;87039971.93;430002942.54;723162190.46;"2023-08-08T23:59:59.999Z"
"2023-08-07T00:00:00.000Z";"2023-08-07T23:59:59.999Z";"2023-08-07T04:52:00.000Z";"2023-08-07T16:49:00.000Z";"2781";0.5917011922;0.5978706225;0.5647243159;0.5822449912;92572627.59;421057563.25;723162190.46;"2023-08-07T23:59:59.999Z"
"2023-08-06T00:00:00.000Z";"2023-08-06T23:59:59.999Z";"2023-08-06T08:26:00.000Z";"2023-08-06T01:35:00.000Z";"2781";0.5915172049;0.6073597675;0.5900447623;0.5914903358;97957889.94;427743446.87;723162190.46;"2023-08-06T23:59:59.999Z"
"2023-08-05T00:00:00.000Z";"2023-08-05T23:59:59.999Z";"2023-08-05T00:11:00.000Z";"2023-08-05T01:58:00.000Z";"2781";0.5919026239;0.5926789148;0.5823293523;0.5914145815;227668215.29;427688664.25;723162190.46;"2023-08-05T23:59:59.999Z"
"2023-08-04T00:00:00.000Z";"2023-08-04T23:59:59.999Z";"2023-08-04T01:42:00.000Z";"2023-08-04T20:53:00.000Z";"2781";0.5932479921;0.6001617518;0.5824770704;0.5919655646;208580824.5;428087114.36;723162190.46;"2023-08-04T23:59:59.999Z"
"2023-08-03T00:00:00.000Z";"2023-08-03T23:59:59.999Z";"2023-08-03T01:59:00.000Z";"2023-08-03T16:19:00.000Z";"2781";0.6140386094;0.6189853582;0.5865448518;0.593351462;104552685.79;429089342.97;723162190.46;"2023-08-03T23:59:59.999Z"
"2023-08-02T00:00:00.000Z";"2023-08-02T23:59:59.999Z";"2023-08-02T02:55:00.000Z";"2023-08-02T21:19:00.000Z";"2781";0.6455776815;0.6488956311;0.610827453;0.6140498012;136617404.56;444057599.31;723162190.46;"2023-08-02T23:59:59.999Z"
"2023-08-01T00:00:00.000Z";"2023-08-01T23:59:59.999Z";"2023-08-01T23:59:00.000Z";"2023-08-01T05:02:00.000Z";"2781";0.6311937258;0.6455579156;0.6151882261;0.6455579156;90343379.08;466843076.32;723162190.46;"2023-08-01T23:59:59.999Z"
"2023-07-31T00:00:00.000Z";"2023-07-31T23:59:59.999Z";"2023-07-31T23:48:00.000Z";"2023-07-31T05:05:00.000Z";"2781";0.6203695573;0.6337331772;0.6147914204;0.6310367996;52527367.62;413043121.56;654546805.85;"2023-07-31T23:59:59.999Z"
"2023-07-30T00:00:00.000Z";"2023-07-30T23:59:59.999Z";"2023-07-30T00:19:00.000Z";"2023-07-30T20:12:00.000Z";"2781";0.6390101732;0.6394461737;0.6083674107;0.6203934277;50964783.17;406076536.46;654546805.85;"2023-07-30T23:59:59.999Z"
"2023-07-29T00:00:00.000Z";"2023-07-29T23:59:59.999Z";"2023-07-29T23:29:00.000Z";"2023-07-29T09:51:00.000Z";"2781";0.6307222183;0.6403250038;0.6270242635;0.6390355672;36703887.42;418278689.33;654546805.85;"2023-07-29T23:59:59.999Z"
"2023-07-28T00:00:00.000Z";"2023-07-28T23:59:59.999Z";"2023-07-28T14:33:00.000Z";"2023-07-28T05:57:00.000Z";"2781";0.6303729809;0.6421638255;0.6261377227;0.6307723002;47139074.07;412869994.33;654546805.85;"2023-07-28T23:59:59.999Z"
"2023-07-27T00:00:00.000Z";"2023-07-27T23:59:59.999Z";"2023-07-27T10:16:00.000Z";"2023-07-27T18:43:00.000Z";"2781";0.6346358881;0.649462197;0.6261860974;0.630481805;49878297.91;412679851.64;654546805.85;"2023-07-27T23:59:59.999Z"
"2023-07-26T00:00:00.000Z";"2023-07-26T23:59:59.999Z";"2023-07-26T20:44:00.000Z";"2023-07-26T17:14:00.000Z";"2781";0.6376756495;0.6419084596;0.6178058505;0.6345977935;64604552.93;415373958.74;654546805.85;"2023-07-26T23:59:59.999Z"
"2023-07-25T00:00:00.000Z";"2023-07-25T23:59:59.999Z";"2023-07-25T00:33:00.000Z";"2023-07-25T17:13:00.000Z";"2781";0.636869894;0.6493956689;0.6280609771;0.6377558474;67980353.24;417441052.8;654546805.85;"2023-07-25T23:59:59.999Z"
"2023-07-24T00:00:00.000Z";"2023-07-24T23:59:59.999Z";"2023-07-24T00:26:00.000Z";"2023-07-24T14:41:00.000Z";"2781";0.6790356298;0.6799075421;0.6259684453;0.6369942605;96102199.25;416942558.56;654546805.85;"2023-07-24T23:59:59.999Z"
"2023-07-23T00:00:00.000Z";"2023-07-23T23:59:59.999Z";"2023-07-23T02:59:00.000Z";"2023-07-23T22:05:00.000Z";"2781";0.6933475496;0.7022994909;0.6748335494;0.679082399;59081023.32;444491215.16;654546805.85;"2023-07-23T23:59:59.999Z"
"2023-07-22T00:00:00.000Z";"2023-07-22T23:59:59.999Z";"2023-07-22T21:42:00.000Z";"2023-07-22T00:07:00.000Z";"2781";0.6839736308;0.7037607955;0.6836607463;0.6931558769;61142506.55;453702965.17;654546805.85;"2023-07-22T23:59:59.999Z"
"2023-07-21T00:00:00.000Z";"2023-07-21T23:59:59.999Z";"2023-07-21T03:08:00.000Z";"2023-07-21T10:03:00.000Z";"2781";0.688540084;0.6945482587;0.6754897328;0.6838748005;67480685.57;447628066.3;654546805.85;"2023-07-21T23:59:59.999Z"
"2023-07-20T00:00:00.000Z";"2023-07-20T23:59:59.999Z";"2023-07-20T07:01:00.000Z";"2023-07-20T20:47:00.000Z";"2781";0.7108913591;0.7400992992;0.6841005407;0.6884599723;117329427.71;450629275.82;654546805.85;"2023-07-20T23:59:59.999Z"
"2023-07-19T00:00:00.000Z";"2023-07-19T23:59:59.999Z";"2023-07-19T03:14:00.000Z";"2023-07-19T21:25:00.000Z";"2781";0.7365482079;0.7731552344;0.7065863042;0.7109027594;190495369.59;465319130.44;654546805.85;"2023-07-19T23:59:59.999Z"
"2023-07-18T00:00:00.000Z";"2023-07-18T23:59:59.999Z";"2023-07-18T01:32:00.000Z";"2023-07-18T06:47:00.000Z";"2781";0.720557093;0.7810731941;0.7113332094;0.7363236937;487140971.01;481958321.75;654546805.85;"2023-07-18T23:59:59.999Z"
"2023-07-17T00:00:00.000Z";"2023-07-17T23:59:59.999Z";"2023-07-17T14:09:00.000Z";"2023-07-17T01:06:00.000Z";"2781";0.672274939;0.7262634712;0.6685104479;0.7206060503;185620473.84;471670388.52;654546805.85;"2023-07-17T23:59:59.999Z"
"2023-07-16T00:00:00.000Z";"2023-07-16T23:59:59.999Z";"2023-07-16T01:26:00.000Z";"2023-07-16T23:36:00.000Z";"2781";0.6825401662;0.6920256309;0.6700026762;0.6722964655;70942477.17;440049504.06;654546805.85;"2023-07-16T23:59:59.999Z"
"2023-07-15T00:00:00.000Z";"2023-07-15T23:59:59.999Z";"2023-07-15T10:05:00.000Z";"2023-07-15T06:08:00.000Z";"2781";0.6801072756;0.6974749631;0.668608551;0.6824470754;80430980.2;446693553.39;654546805.85;"2023-07-15T23:59:59.999Z"
"2023-07-14T00:00:00.000Z";"2023-07-14T23:59:59.999Z";"2023-07-14T16:22:00.000Z";"2023-07-14T20:38:00.000Z";"2781";0.6989497294;0.7575033972;0.663445601;0.6800414255;223236909.78;445118942.92;654546805.85;"2023-07-14T23:59:59.999Z"
"2023-07-13T00:00:00.000Z";"2023-07-13T23:59:59.999Z";"2023-07-13T18:13:00.000Z";"2023-07-13T01:36:00.000Z";"2781";0.6556757819;0.7110335939;0.6497597782;0.6990340501;127730343.81;457550504.66;654546805.85;"2023-07-13T23:59:59.999Z"
"2023-07-12T00:00:00.000Z";"2023-07-12T23:59:59.999Z";"2023-07-12T07:01:00.000Z";"2023-07-12T20:07:00.000Z";"2781";0.6555015866;0.6860002542;0.6466214077;0.655641008;91994675.13;429147727.59;654546805.85;"2023-07-12T23:59:59.999Z"
"2023-07-11T00:00:00.000Z";"2023-07-11T23:59:59.999Z";"2023-07-11T04:20:00.000Z";"2023-07-11T14:21:00.000Z";"2781";0.6552564149;0.6677510361;0.6442580815;0.6555058894;53543039.63;429059286.14;654546805.85;"2023-07-11T23:59:59.999Z"
"2023-07-10T00:00:00.000Z";"2023-07-10T23:59:59.999Z";"2023-07-10T20:09:00.000Z";"2023-07-10T08:35:00.000Z";"2781";0.6589726574;0.6648765009;0.6301564297;0.6551788056;73079997.48;428845194.47;654546805.85;"2023-07-10T23:59:59.999Z"
"2023-07-09T00:00:00.000Z";"2023-07-09T23:59:59.999Z";"2023-07-09T18:38:00.000Z";"2023-07-09T00:17:00.000Z";"2781";0.6530818009;0.6654407227;0.6508137323;0.6589599327;39705988.9;431320119.16;654546805.85;"2023-07-09T23:59:59.999Z"
"2023-07-08T00:00:00.000Z";"2023-07-08T23:59:59.999Z";"2023-07-08T02:27:00.000Z";"2023-07-08T20:34:00.000Z";"2781";0.6610707136;0.6678025721;0.6434879946;0.6530780894;40476476.91;427470177.42;654546805.85;"2023-07-08T23:59:59.999Z"
"2023-07-07T00:00:00.000Z";"2023-07-07T23:59:59.999Z";"2023-07-07T14:05:00.000Z";"2023-07-07T08:04:00.000Z";"2781";0.6502810616;0.6646699234;0.6450274773;0.6610708958;69355270.64;432701843.26;654546805.85;"2023-07-07T23:59:59.999Z"
"2023-07-06T00:00:00.000Z";"2023-07-06T23:59:59.999Z";"2023-07-06T09:02:00.000Z";"2023-07-06T14:40:00.000Z";"2781";0.6624549318;0.6801929707;0.6375472776;0.6502763358;96469923.57;425636298.54;654546805.85;"2023-07-06T23:59:59.999Z"
"2023-07-05T00:00:00.000Z";"2023-07-05T23:59:59.999Z";"2023-07-05T00:29:00.000Z";"2023-07-05T16:10:00.000Z";"2781";0.6863581693;0.690580626;0.6504168738;0.6624809576;107990812.68;433624794.74;654546805.85;"2023-07-05T23:59:59.999Z"
"2023-07-04T00:00:00.000Z";"2023-07-04T23:59:59.999Z";"2023-07-04T11:31:00.000Z";"2023-07-04T19:25:00.000Z";"2781";0.6991487159;0.7362133316;0.6843401115;0.6864352797;186085290.09;449304019.73;654546805.85;"2023-07-04T23:59:59.999Z"
"2023-07-03T00:00:00.000Z";"2023-07-03T23:59:59.999Z";"2023-07-03T03:01:00.000Z";"2023-07-03T12:33:00.000Z";"2781";0.6905027444;0.7140578333;0.687749946;0.6991462781;180103303.65;457623963.15;654546805.85;"2023-07-03T23:59:59.999Z"
"2023-07-02T00:00:00.000Z";"2023-07-02T23:59:59.999Z";"2023-07-02T23:17:00.000Z";"2023-07-02T18:50:00.000Z";"2781";0.6879634706;0.6921222705;0.6678504206;0.6905671752;91923935.81;402323115.85;582598087.9;"2023-07-02T23:59:59.999Z"
"2023-07-01T00:00:00.000Z";"2023-07-01T23:59:59.999Z";"2023-07-01T00:02:00.000Z";"2023-07-01T11:07:00.000Z";"2781";0.6898108686;0.689918535;0.6690843969;0.6879201551;85247035.78;400780966.99;582598087.9;"2023-07-01T23:59:59.999Z"
"2023-06-30T00:00:00.000Z";"2023-06-30T23:59:59.999Z";"2023-06-30T12:56:00.000Z";"2023-06-30T13:49:00.000Z";"2781";0.6800728334;0.7081152628;0.6388776551;0.6894760998;194686228.33;401687457.42;582598087.9;"2023-06-30T23:59:59.999Z"
"2023-06-29T00:00:00.000Z";"2023-06-29T23:59:59.999Z";"2023-06-29T13:18:00.000Z";"2023-06-29T04:07:00.000Z";"2781";0.6639052416;0.7106398088;0.6612012268;0.6800412895;169605086.04;396190754.93;582598087.9;"2023-06-29T23:59:59.999Z"
"2023-06-28T00:00:00.000Z";"2023-06-28T23:59:59.999Z";"2023-06-28T00:01:00.000Z";"2023-06-28T19:34:00.000Z";"2781";0.7205327691;0.7207033477;0.6502239401;0.6638598473;138859433.32;401002838.63;604047436;"2023-06-28T23:59:59.999Z"
"2023-06-27T00:00:00.000Z";"2023-06-27T23:59:59.999Z";"2023-06-27T04:39:00.000Z";"2023-06-27T15:13:00.000Z";"2781";0.7250418653;0.755014084;0.7065106352;0.7205420758;162973610.97;435241593.45;604047436;"2023-06-27T23:59:59.999Z"
"2023-06-26T00:00:00.000Z";"2023-06-26T23:59:59.999Z";"2023-06-26T07:06:00.000Z";"2023-06-26T22:04:00.000Z";"2781";0.7454875115;0.7572835271;0.7144574617;0.7250941287;159129020.44;437991249.3;604047436;"2023-06-26T23:59:59.999Z"
"2023-06-25T00:00:00.000Z";"2023-06-25T23:59:59.999Z";"2023-06-25T08:35:00.000Z";"2023-06-25T15:05:00.000Z";"2781";0.7544915702;0.7788743963;0.7430471104;0.7455829939;141507947.58;450367495.77;604047436;"2023-06-25T23:59:59.999Z"
"2023-06-24T00:00:00.000Z";"2023-06-24T23:59:59.999Z";"2023-06-24T00:01:00.000Z";"2023-06-24T17:20:00.000Z";"2781";0.7986577401;0.7986639882;0.7405253522;0.7548349271;167363284.96;455956102.3;604047436;"2023-06-24T23:59:59.999Z"
"2023-06-23T00:00:00.000Z";"2023-06-23T23:59:59.999Z";"2023-06-23T16:10:00.000Z";"2023-06-23T09:52:00.000Z";"2781";0.8044132712;0.8301162415;0.7882990729;0.7986726706;225566653.48;482436178.89;604047436;"2023-06-23T23:59:59.999Z"
"2023-06-22T00:00:00.000Z";"2023-06-22T23:59:59.999Z";"2023-06-22T01:56:00.000Z";"2023-06-22T21:32:00.000Z";"2781";0.8309747376;0.8816130787;0.8007973088;0.8047682004;360807717.77;486118168.01;604047436;"2023-06-22T23:59:59.999Z"
"2023-06-21T00:00:00.000Z";"2023-06-21T23:59:59.999Z";"2023-06-21T18:34:00.000Z";"2023-06-21T12:58:00.000Z";"2781";0.8185280423;0.8443534035;0.7719721037;0.8311052887;361137351.51;502027018.67;604047436;"2023-06-21T23:59:59.999Z"
"2023-06-20T00:00:00.000Z";"2023-06-20T23:59:59.999Z";"2023-06-20T22:46:00.000Z";"2023-06-20T15:19:00.000Z";"2781";0.7840476819;0.8240491831;0.75163507;0.8189844088;291553744.14;494705432.25;604047436;"2023-06-20T23:59:59.999Z"
"2023-06-19T00:00:00.000Z";"2023-06-19T23:59:59.999Z";"2023-06-19T20:39:00.000Z";"2023-06-19T00:21:00.000Z";"2781";0.7196211169;0.7901853716;0.7131308109;0.7838546873;259646921.36;473485414.06;604047436;"2023-06-19T23:59:59.999Z"
"2023-06-18T00:00:00.000Z";"2023-06-18T23:59:59.999Z";"2023-06-18T06:17:00.000Z";"2023-06-18T23:50:00.000Z";"2781";0.7524682989;0.7916690225;0.716548389;0.7195589489;246594849.26;434647738.17;604047436;"2023-06-18T23:59:59.999Z"
"2023-06-17T00:00:00.000Z";"2023-06-17T23:59:59.999Z";"2023-06-17T17:10:00.000Z";"2023-06-17T00:04:00.000Z";"2781";0.7074156601;0.7691481912;0.7048558621;0.7525173107;366062501.71;454556152.11;604047436;"2023-06-17T23:59:59.999Z"
"2023-06-16T00:00:00.000Z";"2023-06-16T23:59:59.999Z";"2023-06-16T21:02:00.000Z";"2023-06-16T14:49:00.000Z";"2781";0.6485740862;0.7160982966;0.6283448014;0.7072560143;192322997.69;427216182.06;604047436;"2023-06-16T23:59:59.999Z"
"2023-06-15T00:00:00.000Z";"2023-06-15T23:59:59.999Z";"2023-06-15T21:21:00.000Z";"2023-06-15T10:46:00.000Z";"2781";0.6507112197;0.6572077723;0.6212496974;0.6485274351;160890552.6;391741334.38;604047436;"2023-06-15T23:59:59.999Z"
"2023-06-14T00:00:00.000Z";"2023-06-14T23:59:59.999Z";"2023-06-14T02:52:00.000Z";"2023-06-14T21:01:00.000Z";"2781";0.6977841327;0.7096911399;0.6312373651;0.6506526316;236391580.95;393025053.82;604047436;"2023-06-14T23:59:59.999Z"
"2023-06-13T00:00:00.000Z";"2023-06-13T23:59:59.999Z";"2023-06-13T13:35:00.000Z";"2023-06-13T00:04:00.000Z";"2781";0.6628118416;0.7248777822;0.6624378999;0.6977853148;386126046.53;421495430.29;604047436;"2023-06-13T23:59:59.999Z"
"2023-06-12T00:00:00.000Z";"2023-06-12T23:59:59.999Z";"2023-06-12T16:35:00.000Z";"2023-06-12T02:36:00.000Z";"2781";0.6054453213;0.6818085628;0.578904731;0.6627937625;310487443.49;400358872.86;604047436;"2023-06-12T23:59:59.999Z"
"2023-06-11T00:00:00.000Z";"2023-06-11T23:59:59.999Z";"2023-06-11T11:35:00.000Z";"2023-06-11T04:30:00.000Z";"2781";0.6100261789;0.6224349906;0.5920548856;0.6054820254;109892598.81;365739864.97;604047436;"2023-06-11T23:59:59.999Z"
"2023-06-10T00:00:00.000Z";"2023-06-10T23:59:59.999Z";"2023-06-10T00:10:00.000Z";"2023-06-10T06:01:00.000Z";"2781";0.7390940149;0.7403630447;0.5579978549;0.61002509;299480513.4;368484091.53;604047436;"2023-06-10T23:59:59.999Z"
"2023-06-09T00:00:00.000Z";"2023-06-09T23:59:59.999Z";"2023-06-09T12:43:00.000Z";"2023-06-09T02:58:00.000Z";"2781";0.7302236058;0.7596192583;0.7129431066;0.7390734869;142266600.25;446435444.76;604047436;"2023-06-09T23:59:59.999Z"
"2023-06-08T00:00:00.000Z";"2023-06-08T23:59:59.999Z";"2023-06-08T01:29:00.000Z";"2023-06-08T17:37:00.000Z";"2781";0.7563997472;0.7913910994;0.7179008581;0.7304343591;160503710.38;441217001.81;604047436;"2023-06-08T23:59:59.999Z"
"2023-06-07T00:00:00.000Z";"2023-06-07T23:59:59.999Z";"2023-06-07T00:01:00.000Z";"2023-06-07T23:13:00.000Z";"2781";0.8308674186;0.8311458126;0.7479673826;0.7563929346;153129029.41;456897212.77;604047436;"2023-06-07T23:59:59.999Z"
"2023-06-06T00:00:00.000Z";"2023-06-06T23:59:59.999Z";"2023-06-06T19:57:00.000Z";"2023-06-06T13:22:00.000Z";"2781";0.8193612556;0.8463880799;0.7630169985;0.83106351;194711834.09;502001782.36;604047436;"2023-06-06T23:59:59.999Z"
"2023-06-05T00:00:00.000Z";"2023-06-05T23:59:59.999Z";"2023-06-05T00:17:00.000Z";"2023-06-05T16:07:00.000Z";"2781";0.9615024272;0.9694753145;0.7651344396;0.8197111815;301491575.17;433031873.55;528273718;"2023-06-05T23:59:59.999Z"
"2023-06-04T00:00:00.000Z";"2023-06-04T23:59:59.999Z";"2023-06-04T23:40:00.000Z";"2023-06-04T01:10:00.000Z";"2781";0.9330309643;0.9739619217;0.9299271338;0.9607908821;128523909.32;507560571.49;528273718;"2023-06-04T23:59:59.999Z"
"2023-06-03T00:00:00.000Z";"2023-06-03T23:59:59.999Z";"2023-06-03T13:55:00.000Z";"2023-06-03T06:08:00.000Z";"2781";0.9423534592;0.9523394147;0.9137707881;0.9323504318;134358976.86;492536229.08;528273718;"2023-06-03T23:59:59.999Z"
"2023-06-02T00:00:00.000Z";"2023-06-02T23:59:59.999Z";"2023-06-02T11:48:00.000Z";"2023-06-02T01:16:00.000Z";"2781";0.9456300152;0.9599977402;0.9099500486;0.9420897046;182853170.69;497681230.92;528273718;"2023-06-02T23:59:59.999Z"
"2023-06-01T00:00:00.000Z";"2023-06-01T23:59:59.999Z";"2023-06-01T00:16:00.000Z";"2023-06-01T23:37:00.000Z";"2781";0.974455156;0.9786586365;0.9435753129;0.9456050216;112661431.84;499538280.51;528273718;"2023-06-01T23:59:59.999Z"
"2023-05-31T00:00:00.000Z";"2023-05-31T23:59:59.999Z";"2023-05-31T01:07:00.000Z";"2023-05-31T14:22:00.000Z";"2781";1.0017927771;1.0085849982;0.9503554515;0.974413176;139371831.94;514756871.37;528273718;"2023-05-31T23:59:59.999Z"
"2023-05-30T00:00:00.000Z";"2023-05-30T23:59:59.999Z";"2023-05-30T03:24:00.000Z";"2023-05-30T16:19:00.000Z";"2781";1.0403736293;1.06040169;0.999093675;1.0017535298;182598725.7;529200061.72;528273718;"2023-05-30T23:59:59.999Z"
"2023-05-29T00:00:00.000Z";"2023-05-29T23:59:59.999Z";"2023-05-29T14:20:00.000Z";"2023-05-29T04:55:00.000Z";"2781";1.062406731;1.0965256826;1.0248089977;1.0404213202;276888032.14;549627239.11;528273718;"2023-05-29T23:59:59.999Z"
"2023-05-28T00:00:00.000Z";"2023-05-28T23:59:59.999Z";"2023-05-28T22:48:00.000Z";"2023-05-28T00:19:00.000Z";"2781";0.9993015707;1.067228163;0.9951332628;1.0623757638;154063954.05;561225194.65;528273718;"2023-05-28T23:59:59.999Z"
"2023-05-27T00:00:00.000Z";"2023-05-27T23:59:59.999Z";"2023-05-27T05:19:00.000Z";"2023-05-27T00:36:00.000Z";"2781";0.9915663804;1.0150048306;0.9848198958;0.9993221336;84109132.27;527915619.01;528273718;"2023-05-27T23:59:59.999Z"
"2023-05-26T00:00:00.000Z";"2023-05-26T23:59:59.999Z";"2023-05-26T14:52:00.000Z";"2023-05-26T06:04:00.000Z";"2781";0.9826853781;1.0067619099;0.9663344797;0.9915340398;116096990.49;523801373.72;528273718;"2023-05-26T23:59:59.999Z"
"2023-05-25T00:00:00.000Z";"2023-05-25T23:59:59.999Z";"2023-05-25T12:25:00.000Z";"2023-05-25T01:29:00.000Z";"2781";0.9799451561;1.0071769818;0.9482552453;0.9826985327;155440533.23;519133807.57;528273718;"2023-05-25T23:59:59.999Z"
"2023-05-24T00:00:00.000Z";"2023-05-24T23:59:59.999Z";"2023-05-24T00:01:00.000Z";"2023-05-24T14:14:00.000Z";"2781";1.0527908416;1.052907499;0.9545399337;0.9800454092;266711307.21;517732232.13;528273718;"2023-05-24T23:59:59.999Z"
"2023-05-23T00:00:00.000Z";"2023-05-23T23:59:59.999Z";"2023-05-23T03:39:00.000Z";"2023-05-23T20:21:00.000Z";"2781";1.0504300271;1.0920460152;1.0320276433;1.0526238101;143091962.74;556073493.82;528273718;"2023-05-23T23:59:59.999Z"
"2023-05-22T00:00:00.000Z";"2023-05-22T23:59:59.999Z";"2023-05-22T00:17:00.000Z";"2023-05-22T02:00:00.000Z";"2781";1.0721068781;1.0771016862;1.0374919496;1.050438134;120536436.05;554918858.6;528273718;"2023-05-22T23:59:59.999Z"
"2023-05-21T00:00:00.000Z";"2023-05-21T23:59:59.999Z";"2023-05-21T05:38:00.000Z";"2023-05-21T17:54:00.000Z";"2781";1.1237756137;1.150641819;1.0635718526;1.0719356183;159732391.89;566275414.55;528273718;"2023-05-21T23:59:59.999Z"
"2023-05-20T00:00:00.000Z";"2023-05-20T23:59:59.999Z";"2023-05-20T17:55:00.000Z";"2023-05-20T06:47:00.000Z";"2781";1.1311342782;1.1333526111;1.1131747702;1.1238013454;77384482.21;593674715.01;528273718;"2023-05-20T23:59:59.999Z"
"2023-05-19T00:00:00.000Z";"2023-05-19T23:59:59.999Z";"2023-05-19T05:03:00.000Z";"2023-05-19T15:11:00.000Z";"2781";1.1419995414;1.1483259875;1.1219621667;1.1308771873;115875499.89;597412696.35;528273718;"2023-05-19T23:59:59.999Z"
"2023-05-18T00:00:00.000Z";"2023-05-18T23:59:59.999Z";"2023-05-18T00:15:00.000Z";"2023-05-18T18:13:00.000Z";"2781";1.210657238;1.2163745976;1.1312740068;1.1421151339;209575529.28;603349408.17;528273718;"2023-05-18T23:59:59.999Z"
"2023-05-17T00:00:00.000Z";"2023-05-17T23:59:59.999Z";"2023-05-17T23:57:00.000Z";"2023-05-17T11:48:00.000Z";"2781";1.1644906459;1.2125492043;1.117769418;1.211258272;298535658.77;639875910.82;528273718;"2023-05-17T23:59:59.999Z"
"2023-05-16T00:00:00.000Z";"2023-05-16T23:59:59.999Z";"2023-05-16T00:40:00.000Z";"2023-05-16T17:31:00.000Z";"2781";1.1946209221;1.2054159633;1.1484048359;1.1641340377;238133737.7;614981416.33;528273718;"2023-05-16T23:59:59.999Z"
"2023-05-15T00:00:00.000Z";"2023-05-15T23:59:59.999Z";"2023-05-15T09:20:00.000Z";"2023-05-15T00:54:00.000Z";"2781";1.159486719;1.2477945524;1.1270510503;1.1945328846;395862942.71;631040328.22;528273718;"2023-05-15T23:59:59.999Z"
"2023-05-14T00:00:00.000Z";"2023-05-14T23:59:59.999Z";"2023-05-14T16:26:00.000Z";"2023-05-14T01:54:00.000Z";"2781";1.1000625595;1.2003948229;1.0709974008;1.1594548104;259630591.9;612509503.54;528273718;"2023-05-14T23:59:59.999Z"
"2023-05-13T00:00:00.000Z";"2023-05-13T23:59:59.999Z";"2023-05-13T12:49:00.000Z";"2023-05-13T02:56:00.000Z";"2781";1.1146344654;1.137857104;1.0881311905;1.1004150059;168083240.5;581320326.5;528273718;"2023-05-13T23:59:59.999Z"
"2023-05-12T00:00:00.000Z";"2023-05-12T23:59:59.999Z";"2023-05-12T23:46:00.000Z";"2023-05-12T05:54:00.000Z";"2781";1.0764162121;1.1188420292;1.0180000903;1.1141909428;319974259.37;588597791.9;528273718;"2023-05-12T23:59:59.999Z"
"2023-05-11T00:00:00.000Z";"2023-05-11T23:59:59.999Z";"2023-05-11T00:02:00.000Z";"2023-05-11T19:42:00.000Z";"2781";1.1809550494;1.1810381093;1.0416019025;1.0772008921;343553430.84;569056920.31;528273718;"2023-05-11T23:59:59.999Z"
"2023-05-10T00:00:00.000Z";"2023-05-10T23:59:59.999Z";"2023-05-10T13:04:00.000Z";"2023-05-10T10:41:00.000Z";"2781";1.1867996052;1.235136166;1.1253287333;1.1809737769;717935524.93;623877408;528273718;"2023-05-10T23:59:59.999Z"
"2023-05-09T00:00:00.000Z";"2023-05-09T23:59:59.999Z";"2023-05-09T20:40:00.000Z";"2023-05-09T06:40:00.000Z";"2781";1.1404939419;1.2116118797;1.0974811489;1.1871719454;438518325.9;627151737.52;528273718;"2023-05-09T23:59:59.999Z"
"2023-05-08T00:00:00.000Z";"2023-05-08T23:59:59.999Z";"2023-05-08T00:13:00.000Z";"2023-05-08T18:08:00.000Z";"2781";1.2400792712;1.245059358;1.032752716;1.141458772;531156825.06;603002669.43;528273718;"2023-05-08T23:59:59.999Z"
"2023-05-07T00:00:00.000Z";"2023-05-07T23:59:59.999Z";"2023-05-07T00:10:00.000Z";"2023-05-07T23:58:00.000Z";"2781";1.3330276602;1.3465493428;1.2402542191;1.2409034339;268893607.78;655536670.72;528273718;"2023-05-07T23:59:59.999Z"
"2023-05-06T00:00:00.000Z";"2023-05-06T23:59:59.999Z";"2023-05-06T07:21:00.000Z";"2023-05-06T14:12:00.000Z";"2781";1.3063684046;1.3751552318;1.2829924274;1.3331122195;547853942.81;704248148.73;528273718;"2023-05-06T23:59:59.999Z"
"2023-05-05T00:00:00.000Z";"2023-05-05T23:59:59.999Z";"2023-05-05T11:03:00.000Z";"2023-05-05T04:16:00.000Z";"2781";1.3298633716;1.3717844257;1.26414176;1.3060975201;652934731.33;689976993.02;528273718;"2023-05-05T23:59:59.999Z"
"2023-05-04T00:00:00.000Z";"2023-05-04T23:59:59.999Z";"2023-05-04T00:41:00.000Z";"2023-05-04T12:01:00.000Z";"2781";1.4038486974;1.5038399935;1.3032422659;1.3297520406;944139701.1;702473054.52;528273718;"2023-05-04T23:59:59.999Z"
"2023-05-03T00:00:00.000Z";"2023-05-03T23:59:59.999Z";"2023-05-03T12:05:00.000Z";"2023-05-03T13:19:00.000Z";"2781";1.7175938888;1.7175938888;1.2326497115;1.4031405017;1468656003.95;741242249.69;528273718;"2023-05-03T23:59:59.999Z"